firstname,lastname,email,company,office,address
Patricia,Garrett,pgarrett0@wordpress.org,,Le Blanc-Mesnil,
Jessica,Perry,jperry1@hibu.com,,Bridgetown,
Mary,Simpson,msimpson2@columbia.edu,,Shuangfeng,
Debra,Hansen,dhansen3@sphinn.com,,Kobylin,
Daniel,Elliott,delliott4@craigslist.org,Edgeblab,IJmuiden,
Marilyn,Kelly,mkelly5@so-net.ne.jp,,Sukorejo,
Timothy,Burke,tburke6@bbb.org,Skiptube,Hexi,
Paul,Kelly,pkelly7@auda.org.au,,Severnyy,
Todd,Lewis,tlewis8@wikimedia.org,Midel,Turbo,
Adam,Carroll,acarroll9@accuweather.com,,Banī Mazār,
Irene,Foster,ifostera@berkeley.edu,Babbleset,Juxing,
Nicole,Murray,,Fivebridge,Twardawa,
Daniel,Wright,dwrightc@prnewswire.com,,Charras,
Pamela,Dean,pdeand@prweb.com,Realbridge,Postřelmov,
Steve,Spencer,sspencere@elegantthemes.com,,Mugi,
Amy,Stephens,astephensf@forbes.com,,Zaandam,66464 Derek Place
Sara,Castillo,scastillog@sciencedirect.com,,Kiambu,
Sharon,Cole,scoleh@free.fr,,Donostia-San Sebastian,7680 Warner Center
Sara,Black,sblacki@pagesperso-orange.fr,Babbleopia,København,
Lisa,Hernandez,,,High Prairie,
Emily,Robertson,erobertsonk@sciencedirect.com,Avaveo,Al Minyā,07160 Killdeer Place
Antonio,Reynolds,areynoldsl@nydailynews.com,,Kostarea Satu,
Evelyn,Gray,egraym@tumblr.com,,Echarate,
Ronald,Wilson,rwilsonn@gnu.org,Babbleblab,Dawang,
Johnny,Cruz,jcruzo@nih.gov,Thoughtblab,Fontainhas,
Diane,Hart,dhartp@google.com.au,Skimia,Laifang,
Carlos,Young,,,Wuyang,
Paul,Ramos,pramosr@latimes.com,,Yŏnmu,
Jesse,Harrison,jharrisons@businessweek.com,,Aucayacu,
Norma,Bishop,nbishopt@moonfruit.com,,Zongjia,
Debra,Green,dgreenu@hugedomains.com,,Xifengshan,
Steve,Garrett,,Katz,Dongning,
Sara,Barnes,sbarnesw@bloomberg.com,Rhycero,El Soberbio,
Debra,Bell,dbellx@usatoday.com,,Nagutskoye,
Bobby,Hansen,bhanseny@nih.gov,,Panagyurishte,
Cynthia,Marshall,cmarshallz@symantec.com,Gabcube,Kalibunder,
Kenneth,Hill,,Brightbean,Francisco Beltrão,
Keith,Morris,kmorris11@diigo.com,,Chatou,
Peter,Fisher,pfisher12@instagram.com,Zoomcast,Venda do Valador,
Ernest,Holmes,,,Hanggan,
Elizabeth,Morris,emorris14@quantcast.com,,Bherāmāra,
Steve,Myers,smyers15@wikispaces.com,,Wosai,
Roy,Long,rlong16@people.com.cn,Gigazoom,Pasar,
Susan,Kennedy,skennedy17@nbcnews.com,Jabberstorm,Kaminokawa,
Wanda,Armstrong,warmstrong18@yolasite.com,Flipbug,Colombo,
Cheryl,Stone,cstone19@nyu.edu,,Santa Fe,
Marilyn,Johnson,mjohnson1a@addtoany.com,,Insiza,
Janice,Kelly,jkelly1b@cyberchimps.com,Aimbu,Curridabat,
Louis,Garrett,,,Verdizela,
Alice,Collins,acollins1d@booking.com,Gabtune,Penamacor,
Roger,Lewis,rlewis1e@adobe.com,,Anjia,
Lisa,Morgan,,Meezzy,Pereleshino,
Norma,Hunt,nhunt1g@washington.edu,,Zhufo,
Jeremy,Stewart,jstewart1h@cmu.edu,,Loum,
Johnny,Freeman,jfreeman1i@seesaa.net,,Calancuasan Norte,
Timothy,Frazier,,,Ágios Stéfanos,07396 Briar Crest Court
Benjamin,Murray,,,Kaynardzha,
Jennifer,Phillips,jphillips1l@bbc.co.uk,,Karangbalong,
Terry,Stephens,tstephens1m@redcross.org,,Mosteiró,
Sarah,Kelley,skelley1n@constantcontact.com,,Cilongkrang,
Betty,Ellis,,,Pécs,
Jack,Reed,,Divape,Sekongkang Bawah,
Bruce,Simmons,bsimmons1q@eepurl.com,Vidoo,Buenavista,
Virginia,Wright,vwright1r@geocities.jp,,Pershotravneve,9 Garrison Plaza
Mark,Black,mblack1s@go.com,Dynabox,Linëvo,
Irene,Gonzales,igonzales1t@theglobeandmail.com,,Yanai,
Sean,Cole,scole1u@pbs.org,,Lavrica,69772 Monument Parkway
Douglas,Garrett,dgarrett1v@cocolog-nifty.com,,Metallostroy,
Howard,Lane,hlane1w@blinklist.com,Eare,Jawatiwa,
Paul,Carr,pcarr1x@hp.com,Dabshots,Nyurba,
Teresa,Garza,,,Bishkek,
Christine,Powell,cpowell1z@marketwatch.com,,Caen,
Donna,Brown,dbrown20@comsenz.com,,Huaping,
Gregory,Robinson,grobinson21@woothemes.com,,Le Grand-Quevilly,
Dennis,Russell,drussell22@irs.gov,,Ehen Hudag,
Sandra,Robertson,srobertson23@tumblr.com,,Shuicha,77 Butterfield Road
Dorothy,Tucker,dtucker24@google.es,,Repelón,2821 Novick Plaza
Theresa,Perkins,tperkins25@ustream.tv,,Philadelphia,5959 Laurel Terrace
Kevin,Harvey,kharvey26@soup.io,Chatterpoint,Keda,
Jane,Little,jlittle27@cocolog-nifty.com,,Az Zaytūnīyah,
Ruth,Austin,raustin28@mail.ru,,Huurch,
Jack,Medina,jmedina29@123-reg.co.uk,Skilith,Xianbao,
Lori,Taylor,ltaylor2a@posterous.com,Vinder,Songkan,
Louis,Howell,lhowell2b@g.co,,Hor,
Brandon,Snyder,,,Nusajaya,
Sean,Reid,,,Mococa,
Lori,Watkins,lwatkins2e@delicious.com,,Menghe,
Denise,Fowler,dfowler2f@de.vu,,Bizana,
Michael,Burton,mburton2g@nymag.com,Yabox,Saubara,
Maria,Jacobs,mjacobs2h@home.pl,,San Jose,
Barbara,Wells,bwells2i@ovh.net,,La Libertad,
Bobby,Franklin,bfranklin2j@apache.org,,Qindu,
Shirley,Gomez,sgomez2k@nature.com,Fadeo,Bilopillya,
Howard,Phillips,hphillips2l@psu.edu,,Barreiros,
Ruby,Gray,rgray2m@nasa.gov,Wikibox,Châteauroux,
Paul,Garza,pgarza2n@livejournal.com,,Baleagung,
Lawrence,Davis,ldavis2o@seattletimes.com,,Dhī as Sufāl,
Billy,Mitchell,bmitchell2p@4shared.com,Cogidoo,Niandou,
Ernest,Lawrence,elawrence2q@cdbaby.com,,Wulan,
Ronald,Fields,rfields2r@huffingtonpost.com,,Kerrouchen,
Terry,Wright,twright2s@usgs.gov,,Shangtang,
Angela,Brown,abrown2t@engadget.com,Tagpad,Barra do Corda,
Scott,Romero,sromero2u@usa.gov,,Ageoshimo,
Jennifer,Webb,jwebb2v@paginegialle.it,,Lashkar Gāh,
Sandra,Harrison,sharrison2w@people.com.cn,Babbleopia,Fasito‘outa,
Beverly,Thompson,bthompson2x@studiopress.com,,Norrköping,
Harry,Vasquez,,Rhyzio,Okunoya,
Marie,Kennedy,mkennedy2z@t-online.de,Quinu,Lhokkruet,
Terry,Reed,treed30@bravesites.com,,Butwāl,
Lillian,Wagner,lwagner31@redcross.org,Livetube,Mekarjaya Satu,
Brenda,Perry,bperry32@imdb.com,,Labège,
Ronald,Ruiz,rruiz33@biblegateway.com,Voonyx,Isugod,
Dennis,Armstrong,darmstrong34@vinaora.com,,Xiaolou,
Julie,Ramirez,jramirez35@techcrunch.com,,Arthur’s Town,
Ashley,Stevens,astevens36@naver.com,,Prażmów,
Timothy,Webb,twebb37@xrea.com,,Mandalgovi,
Chris,Peters,cpeters38@omniture.com,Muxo,Laau,
Johnny,Adams,jadams39@dell.com,,Saint-Maurice,
Pamela,Reyes,preyes3a@mashable.com,,Sukadana,
Amanda,Mcdonald,amcdonald3b@edublogs.org,Quinu,Xiantang,
Robin,Burke,rburke3c@google.de,,Obo,
Doris,Carr,dcarr3d@last.fm,,Gorelovo,
Robert,Henderson,rhenderson3e@deliciousdays.com,,Novovolyns’k,
Terry,Foster,tfoster3f@g.co,,Al Ḩarāk,
Joan,Carroll,jcarroll3g@eepurl.com,,Farriar,05951 Manufacturers Terrace
Jesse,Russell,jrussell3h@hexun.com,Dynava,Cincinnati,
Jessica,Wright,jwright3i@mapquest.com,Meembee,Dashkawka,
Marilyn,Grant,mgrant3j@oaic.gov.au,Fivespan,Jobabo,
Mary,Burns,mburns3k@storify.com,Kazio,Ouani,
Ashley,Stephens,astephens3l@yellowpages.com,,Zengguang,
Alan,Collins,acollins3m@pinterest.com,,Villeneuve-d'Ascq,
Patricia,Adams,padams3n@tripadvisor.com,,San Jose,
Michelle,Nguyen,mnguyen3o@psu.edu,,Sukarama,
Christine,Evans,cevans3p@apache.org,,Phoenix,
Joshua,Schmidt,jschmidt3q@networksolutions.com,Yakitri,Ciudad Nueva,
Debra,Bradley,dbradley3r@google.co.uk,,Rosignol,0273 Paget Lane
Cynthia,Perry,cperry3s@independent.co.uk,,Ōnojō,20 Knutson Junction
Russell,Perez,rperez3t@jiathis.com,Realblab,Shirbīn,6 Waywood Avenue
Rebecca,Fernandez,rfernandez3u@mapquest.com,Zoovu,Seixo de Manhoses,
Thomas,Burns,,,Houmen,
Roy,Carroll,rcarroll3w@squidoo.com,,San Jacinto,
Arthur,Arnold,aarnold3x@1688.com,Realcube,Merefa,
Tina,Murphy,tmurphy3y@go.com,Feedmix,Itaberaba,
Marie,Mcdonald,mmcdonald3z@abc.net.au,,Vrakháti,
Lawrence,Owens,lowens40@icio.us,Mybuzz,Layog,
Tammy,Rose,trose41@skype.com,Flipstorm,Daiyue,
Thomas,Bell,tbell42@qq.com,Rhynoodle,Sousse,
Earl,Kelley,,Oyope,Banovo Polje,4 Forster Avenue
Eugene,Austin,eaustin44@canalblog.com,Zooveo,Huipinggeng,
Jessica,Elliott,jelliott45@infoseek.co.jp,Lajo,Banggel,
Bobby,Carpenter,bcarpenter46@un.org,,Rennes,
David,Willis,dwillis47@unc.edu,Riffpedia,Huwan,
Martha,Barnes,,,Longgang,
Norma,Rice,nrice49@fema.gov,Feedspan,Timmins,
Joshua,Ryan,jryan4a@webnode.com,,Araraquara,
Katherine,Harris,kharris4b@gmpg.org,,Karmah an Nuzul,
Terry,Grant,,Skaboo,Laojiangjunjie,
Sandra,Campbell,,,Zákupy,
Albert,Edwards,aedwards4e@google.cn,,Qilin,
Janet,Watkins,jwatkins4f@lycos.com,Photobug,Kpalimé,
Shawn,Ford,sford4g@reference.com,,Orissaare,
Raymond,Flores,rflores4h@mail.ru,,Unaizah,
Heather,Reynolds,hreynolds4i@scientificamerican.com,Digitube,Metsavan,
Jack,Cunningham,jcunningham4j@creativecommons.org,,Alurbulu,
Irene,Sullivan,,,Talisay,2 Forest Run Street
Jose,Gardner,,Topicshots,Pochayiv,
Cynthia,Sanders,csanders4m@mapy.cz,,Kokubunji,
Paul,Murphy,pmurphy4n@google.co.jp,Oba,North Little Rock,
Phyllis,Reyes,preyes4o@ca.gov,Devshare,Stare Miasto,
Richard,Howell,rhowell4p@msn.com,,Studénka,
Margaret,Allen,mallen4q@comsenz.com,,Lubaczów,
Lawrence,Mccoy,lmccoy4r@tinyurl.com,,Paloh,
Susan,Stevens,sstevens4s@skyrock.com,Skinte,Muhos,
Louis,Duncan,lduncan4t@vk.com,Meevee,Chornukhyne,
Rachel,Sims,,,Lakkha Nëvre,
Maria,Ward,mward4v@qq.com,,Bakıxanov,
Bruce,Henderson,bhenderson4w@telegraph.co.uk,,Kälviä,
Justin,Rodriguez,jrodriguez4x@blogtalkradio.com,,Hujirt,
Samuel,Ramos,,,San Isidro,
Billy,Holmes,bholmes4z@buzzfeed.com,,Hevlín,
Amanda,Sullivan,asullivan50@icq.com,,Benhao,
Bruce,Pierce,bpierce51@bluehost.com,,Oele,
Kathleen,Greene,kgreene52@timesonline.co.uk,Quamba,Kłoczew,
Lisa,Rivera,lrivera53@mlb.com,,Kveda Chkhorots’q’u,
Marilyn,Little,mlittle54@forbes.com,,Chapadinha,
Adam,Hughes,ahughes55@usda.gov,Midel,Poteran,698 Charing Cross Hill
Peter,Smith,psmith56@discovery.com,Rooxo,Nice,
Jacqueline,Taylor,jtaylor57@nyu.edu,,Fastovetskaya,
Alan,Jenkins,ajenkins58@economist.com,,Plato,
Charles,Jones,cjones59@tripod.com,,Sacramento,
Anne,Martin,amartin5a@webs.com,,Lākshām,
Elizabeth,George,,,Kabo,
Jose,Bennett,jbennett5c@gnu.org,Jaxbean,Saint Croix,784 Reinke Plaza
Shawn,Reed,sreed5d@fastcompany.com,,Sindangheula,
Stephen,Lawrence,slawrence5e@pbs.org,,Lubumbashi,
Joseph,Scott,jscott5f@pcworld.com,Photojam,Curridabat,
Paula,West,pwest5g@bluehost.com,Skinix,Tsákoi,
Alan,Ramirez,aramirez5h@w3.org,,Shahkot,
Mary,Perkins,mperkins5i@com.com,,Banjar Tengahbelayu,
Larry,Howard,lhoward5j@stumbleupon.com,,Lipka,
Charles,Brown,cbrown5k@dropbox.com,,Punta Hermosa,
Julia,Holmes,jholmes5l@fda.gov,Wikibox,Pidigan,
Ruby,Williamson,rwilliamson5m@imageshack.us,Tazzy,Shangyong,
Albert,Watkins,awatkins5n@skyrock.com,Dabshots,Myingyan,
Joshua,Ward,jward5o@techcrunch.com,Talane,Vievis,
Martha,Kelley,mkelley5p@cisco.com,Digitube,Sibayo,
Lori,Hanson,lhanson5q@marketwatch.com,,Jiguan,9 Sundown Park
Douglas,Day,,Vipe,Zhangdian,
Laura,Lawson,llawson5s@columbia.edu,Ntags,Kuliyapitiya,
Alice,Weaver,aweaver5t@oakley.com,,Maojiagang,
Brian,Clark,bclark5u@fc2.com,Edgeblab,Viligili,
Philip,Lawrence,plawrence5v@netlog.com,,Ngorongoro,
Laura,Woods,lwoods5w@example.com,Bubbletube,Jajawai,
Gerald,Knight,gknight5x@wordpress.com,,Ursynów,
Carol,Myers,cmyers5y@sciencedirect.com,Zazio,Jistebnice,
Richard,Brown,,Jetpulse,Pucangkrajan,
Kenneth,Richardson,krichardson60@forbes.com,,Nova Venécia,
Julie,Chavez,jchavez61@hubpages.com,,Nuyno,
Terry,Richardson,trichardson62@jigsy.com,,Xindian,054 Oriole Park
Mary,Edwards,medwards63@ning.com,,Taiping,
Cheryl,Ortiz,cortiz64@yandex.ru,Cogibox,Agago,
Randy,Meyer,,,Limoges,
Katherine,Hansen,khansen66@cisco.com,Quamba,Salt Lake City,
Emily,Bishop,,,Chōfugaoka,
Walter,Reynolds,wreynolds68@bing.com,Yotz,Shibukawa,
Julie,Nguyen,jnguyen69@exblog.jp,,Kvasy,
Sandra,Brooks,sbrooks6a@ca.gov,,Waso,
Cynthia,Marshall,cmarshall6b@toplist.cz,Thoughtstorm,Pondokrejo Wetan,
Jason,Howell,jhowell6c@hubpages.com,Cogilith,Urkarakh,
Julia,Kim,jkim6d@mit.edu,,Kota Bharu,
Jeffrey,Nguyen,,,Sainte-Thérèse,
Marilyn,Willis,mwillis6f@cbslocal.com,,‘Alāqahdārī Kirān wa Munjān,
Ashley,Hughes,ahughes6g@blogtalkradio.com,,Xiangquan,
Jonathan,Cunningham,jcunningham6h@scribd.com,,La Concepcion,
Phillip,Griffin,pgriffin6i@hugedomains.com,,Bigoudine,
Gloria,Chavez,gchavez6j@mysql.com,Youbridge,Choma,
Helen,Mccoy,hmccoy6k@reuters.com,,Kurye,
Judy,Dunn,jdunn6l@sciencedirect.com,Skiptube,Feijó,
Sarah,Pierce,spierce6m@dedecms.com,,San Onofre,
Rebecca,Stephens,,,Lianjiangkou,
Aaron,Richardson,arichardson6o@squidoo.com,,Arroio Grande,
Kenneth,Murray,kmurray6p@feedburner.com,,Zhongling,
Annie,Green,agreen6q@linkedin.com,,Guacarí,
Brian,Patterson,bpatterson6r@who.int,,Yutsa,
Larry,Elliott,lelliott6s@examiner.com,Trudoo,Kondangrege,
Pamela,Gibson,pgibson6t@friendfeed.com,Oodoo,Kladi,
Craig,White,cwhite6u@so-net.ne.jp,,Shuigou’ao,
Beverly,Gonzales,bgonzales6v@cnbc.com,,Junaynat Raslān,
Patricia,Thomas,pthomas6w@cbslocal.com,Pixoboo,Mszana Dolna,6 Maple Lane
Paula,Jones,,,Motala,
Roger,Wallace,rwallace6y@pcworld.com,,Liangshan,
Anthony,Williamson,awilliamson6z@pen.io,Zoonoodle,Shuishiying,
Margaret,Lawrence,mlawrence70@eepurl.com,Wikido,Mesker-Yurt,7737 Waxwing Pass
Jack,Rogers,,,Jamaica,
Andrew,Hudson,ahudson72@posterous.com,,Thị Trấn Mường Khương,
Denise,Elliott,delliott73@prweb.com,Roomm,El Alamo,
Louis,Powell,lpowell74@cdc.gov,,Lamía,
Billy,Peters,bpeters75@irs.gov,,Alcaria,
Lillian,Bell,lbell76@nature.com,,Atyrau,
Phillip,Campbell,,,Ginir,72 Talisman Alley
Evelyn,Meyer,emeyer78@tmall.com,,Liuji,
Evelyn,Smith,esmith79@fema.gov,,Vodnjan,
Keith,Moore,kmoore7a@scribd.com,Fivespan,Stanowice,
Doris,Garza,dgarza7b@example.com,,La Suiza,
Rebecca,Scott,rscott7c@hud.gov,,Malabar,
Ralph,Hughes,rhughes7d@shareasale.com,Fatz,Hurghada,
Victor,Graham,vgraham7e@abc.net.au,Wordify,Nijmegen,
Elizabeth,Kennedy,ekennedy7f@ucoz.com,Centizu,Cerme Kidul,
Frank,Rose,,,Shima,
Judy,Fernandez,jfernandez7h@nba.com,,Cirumput,
Timothy,Hanson,thanson7i@geocities.jp,Gigabox,Chuguyevka,4 Utah Street
Samuel,Day,sday7j@java.com,,Longwood,
Joshua,Murphy,,,Guomaying,
Jean,Brown,jbrown7l@noaa.gov,Chatterbridge,Basel,
Roy,Campbell,rcampbell7m@twitpic.com,,Greensboro,
Marilyn,Bradley,mbradley7n@google.it,Avamm,Baranów,
Sarah,Alexander,salexander7o@artisteer.com,,Xiping,
Irene,Ryan,iryan7p@nydailynews.com,,Marteleira,
Philip,Campbell,pcampbell7q@dagondesign.com,,Huimin,
Teresa,Edwards,tedwards7r@washington.edu,,Xinshui,
Doris,Smith,dsmith7s@wikimedia.org,,Amherstburg,
Shirley,Perez,sperez7t@virginia.edu,Skiba,Rengo,
Emily,Thomas,,Topicstorm,Yushikalasu,
Carlos,Hudson,,,Bayt Līd,
Sean,Porter,sporter7w@netscape.com,,Croix,
Frances,Robertson,frobertson7x@hp.com,Yata,Kŭlob,276 Mandrake Junction
Ann,Morales,amorales7y@tuttocitta.it,Twimm,Lille,97 Hermina Parkway
Pamela,Walker,pwalker7z@angelfire.com,,Byumba,
Jerry,Crawford,jcrawford80@cam.ac.uk,,Fresno,
Keith,Mendoza,kmendoza81@tripadvisor.com,Dabfeed,Umunede,
Jack,Scott,jscott82@answers.com,,Castleknock,
Kathryn,Harrison,kharrison83@loc.gov,,Bebedahan,
Keith,Banks,kbanks84@google.com.br,,Naberera,
Tammy,Matthews,tmatthews85@1688.com,,Guinobatan,890 Chinook Avenue
Debra,Phillips,,,La Mesa,
Melissa,Gardner,mgardner87@flickr.com,Rhynyx,Joroan,
Peter,Collins,pcollins88@altervista.org,,Kario,
Jose,Richardson,jrichardson89@jiathis.com,Dynabox,Hotaka,
Carol,Simmons,csimmons8a@japanpost.jp,Photobug,Likhobory,
Evelyn,Andrews,eandrews8b@globo.com,,Lameira,
Kenneth,Ellis,kellis8c@ycombinator.com,Browsebug,‘Ūrīf,
Juan,Mccoy,jmccoy8d@virginia.edu,,Geidam,
Laura,Nguyen,lnguyen8e@nba.com,,Cimara,
Jimmy,Moreno,jmoreno8f@mapy.cz,Skippad,Il’inskiy,
Joseph,Robinson,jrobinson8g@paginegialle.it,Gigabox,Mampong,
Andrea,Watkins,,Linktype,Tongjin,
Stephen,Lewis,slewis8i@comsenz.com,,Reims,
Irene,Washington,iwashington8j@gravatar.com,,Nanjing,
Jessica,Fuller,jfuller8k@ifeng.com,,Montpellier,
Walter,Gilbert,wgilbert8l@wikimedia.org,Bluejam,Gasri,
Mark,Nelson,mnelson8m@devhub.com,,Badīn,
Arthur,Matthews,,Oozz,Hokor,
Randy,Bradley,rbradley8o@sohu.com,,Saint-Denis,
Matthew,Carter,mcarter8p@ucoz.ru,,Valence,
Bruce,Clark,bclark8q@cafepress.com,,Dno,613 Londonderry Terrace
Steven,Hamilton,shamilton8r@senate.gov,,Alingsås,
Kimberly,Howard,khoward8s@utexas.edu,Devify,Concepción,
Susan,Gonzales,sgonzales8t@samsung.com,,Łomianki,
Albert,Morales,amorales8u@house.gov,,Dingbao,9935 Marcy Plaza
Shirley,Hicks,shicks8v@ezinearticles.com,,Pacaycasa,
Catherine,Arnold,carnold8w@tuttocitta.it,,Raas,
Michelle,Carpenter,mcarpenter8x@nytimes.com,Fadeo,Cigintung,
Samuel,Warren,swarren8y@google.de,Ooba,Katyr-Yurt,
Donna,Wright,,Buzzdog,Candelaria,
Wanda,Rogers,wrogers90@netlog.com,,Jovellar,
Howard,Rivera,,,Mongo,98 Dakota Trail
Alice,Butler,abutler92@blog.com,Skyble,Sindi,
Brandon,Long,blong93@mapy.cz,Eidel,Fuchun,
Evelyn,Medina,emedina94@mayoclinic.com,,Pinamalayan,
Katherine,Price,kprice95@hugedomains.com,,Mandikbatu,
Bobby,Cruz,bcruz96@mit.edu,,Hougong,
Cheryl,Gilbert,cgilbert97@time.com,Devpoint,Loimaan Kunta,4148 Vermont Way
Ryan,Turner,rturner98@typepad.com,,Guane,
Mary,Rose,mrose99@mayoclinic.com,,Muting,
Helen,Daniels,,Thoughtblab,Karangasem,
Susan,Ferguson,sferguson9b@xinhuanet.com,,Assiniboia,
Melissa,Fisher,mfisher9c@nbcnews.com,Rhyloo,Bộc Bố,
Sandra,Woods,swoods9d@phoca.cz,Thoughtstorm,Luna,
Jesse,Harrison,jharrison9e@usnews.com,Realbuzz,Shar’ya,
Joshua,Holmes,jholmes9f@sciencedirect.com,,Trzebiatów,
Angela,Morales,,Kayveo,Milovice,
Karen,Spencer,kspencer9h@imdb.com,,Ar Rawḑah,
Sarah,Schmidt,sschmidt9i@opensource.org,Quatz,Artjärvi,
Henry,Baker,hbaker9j@sun.com,Photospace,Asprángeloi,
Timothy,Tucker,ttucker9k@bandcamp.com,Avavee,Nzeto,
Christine,Morris,,Devpulse,Brooklyn,
Julie,Robinson,jrobinson9m@elpais.com,Zoomzone,Gromadka,
George,Collins,gcollins9n@salon.com,,Hazlov,
Marilyn,Richards,,,Reina Mercedes,
Theresa,Davis,,Riffpath,Na Yung,
Cheryl,Butler,cbutler9q@ftc.gov,Geba,Tawau,
Amy,Baker,,Wikido,Boyang,
Diana,Ray,dray9s@tiny.cc,Fivebridge,Svecha,
Patrick,Cooper,pcooper9t@dagondesign.com,,Alençon,
Judy,Holmes,jholmes9u@ifeng.com,,Bengtsfors,
Paula,Wood,pwood9v@cbslocal.com,Jaxspan,Bayḩān,
Mary,Richards,mrichards9w@wunderground.com,,Karpokhórion,
Rose,Hernandez,rhernandez9x@biblegateway.com,Skipstorm,Bolo,
Betty,Fisher,bfisher9y@zdnet.com,Feedfish,Yixin,
Ruby,Duncan,rduncan9z@networksolutions.com,,Eschweiler,
Elizabeth,Holmes,eholmesa0@oakley.com,Voolia,Yima,
Beverly,Hansen,bhansena1@umn.edu,,Manga,
Ruth,Lane,rlanea2@networksolutions.com,Feedfish,Warudoyong,
Christine,Cole,ccolea3@com.com,,Khlong Luang,
Victor,Jacobs,vjacobsa4@constantcontact.com,Twimm,Pendolo,
Bobby,Gordon,bgordona5@google.pl,Meetz,Mantingantengah,
Jacqueline,Powell,jpowella6@adobe.com,Innotype,Sudzha,
Randy,Ramirez,rramireza7@home.pl,,Tarariras,
Diana,Rodriguez,drodrigueza8@washingtonpost.com,Abatz,Tiouli,
Nicole,Hudson,nhudsona9@who.int,,San Casimiro,1174 Stang Parkway
Janet,Allen,jallenaa@berkeley.edu,,Gložan,
Denise,Reed,dreedab@patch.com,Fatz,Trawniki,
Lori,Lane,llaneac@diigo.com,,Wuyang,
Karen,Warren,kwarrenad@fastcompany.com,,Haeju,
Jerry,Burton,jburtonae@china.com.cn,,Palhoça,
Lori,Allen,lallenaf@cafepress.com,Eidel,Omaha,
Frances,Brooks,fbrooksag@rambler.ru,,Burqah,
Virginia,West,vwestah@apple.com,Zooxo,Priekulė,
Jesse,Reyes,jreyesai@reddit.com,,Temanjang,
Theresa,Graham,tgrahamaj@google.com.br,Demimbu,Sukoanyar,
Keith,Lynch,klynchak@aol.com,,Kobelyaky,
Adam,King,akingal@archive.org,,Phủ Thông,
Jane,Cole,jcoleam@vk.com,,Gennevilliers,
Emily,White,ewhitean@amazonaws.com,Rhycero,Chīchāwatni,
Gary,Nguyen,gnguyenao@yale.edu,Katz,Cascavel,
Louis,Perez,lperezap@prweb.com,Blognation,Kaduluhur,
Marilyn,Carpenter,mcarpenteraq@utexas.edu,Vidoo,Ljungby,
Catherine,Cruz,ccruzar@php.net,,Bengtsfors,
Carol,Riley,crileyas@cdbaby.com,Trudoo,Governador Valadares,
Louis,Reynolds,,,Babiak,66746 Randy Junction
Earl,Scott,escottau@ifeng.com,,Pointe-Noire,
Andrew,Fields,afieldsav@un.org,,Trondheim,
Deborah,Black,dblackaw@unblog.fr,,Lunyuk Ode,
Cheryl,Hicks,chicksax@yahoo.co.jp,,Fucun,
Steve,Murray,smurrayay@soundcloud.com,Tagopia,Pindangan Centro,
Frank,Black,fblackaz@theglobeandmail.com,Thoughtblab,Kayes,
Martin,Howell,mhowellb0@archive.org,Thoughtstorm,Trebisht-Muçinë,
Margaret,Armstrong,marmstrongb1@howstuffworks.com,Rhycero,Verkhniy Yasenov,
Janet,Scott,jscottb2@people.com.cn,Devbug,Sindang,
Frances,Hawkins,fhawkinsb3@amazonaws.com,Skipstorm,Galitsy,
Bruce,Ford,bfordb4@nps.gov,,Río Guayabal de Yateras,20639 Little Fleur Center
Irene,Cruz,icruzb5@fotki.com,,Digkilaan,
Roger,Marshall,rmarshallb6@latimes.com,Youspan,Ramat HaSharon,
Jacqueline,Meyer,jmeyerb7@go.com,,Rozsypne,
Eugene,Powell,epowellb8@ed.gov,Avamba,Affery,
Shawn,Romero,,,Bojongnangka,
Alice,Snyder,,,Sulahan,
Rachel,Watson,rwatsonbb@dropbox.com,,Nashville,
Benjamin,Jordan,bjordanbc@fda.gov,Innotype,Liugou,7904 Washington Way
Jason,Stevens,jstevensbd@hhs.gov,,Brdów,4 Northridge Avenue
Joyce,Lynch,jlynchbe@cam.ac.uk,,Stockholm,
Janet,Wells,jwellsbf@parallels.com,,Karlskrona,
Daniel,Ferguson,dfergusonbg@rambler.ru,,Rączna,
Brian,Smith,bsmithbh@zdnet.com,,Hecun,
Janet,Johnston,jjohnstonbi@symantec.com,,Houston,
Harry,Jackson,hjacksonbj@imgur.com,,Tempeh Tengah,
Bruce,Carpenter,bcarpenterbk@prweb.com,Cogibox,Kalilangan,
Melissa,Morris,mmorrisbl@apache.org,,Concepción,
Peter,Ford,pfordbm@imdb.com,,Koynare,
Jose,Gray,jgraybn@boston.com,,Halmstad,
Laura,Coleman,lcolemanbo@chronoengine.com,Jaxworks,Qiaochong,
Chris,Collins,ccollinsbp@opensource.org,,Courelas Bravas,
Brian,Hughes,bhughesbq@globo.com,Devcast,Buchanan,
Jacqueline,Harper,jharperbr@prnewswire.com,Babblestorm,Khotsimsk,
Cheryl,Lawrence,clawrencebs@eepurl.com,,Pietà,
Arthur,Lopez,alopezbt@bloomberg.com,,Ebene,
Craig,Hudson,chudsonbu@nationalgeographic.com,,Sainte-Marthe-sur-le-Lac,
Diana,Evans,devansbv@elpais.com,,Zhongcheng,
Dennis,Matthews,dmatthewsbw@oaic.gov.au,,Ladushkin,
Henry,Kim,hkimbx@mapquest.com,Browsezoom,Barra Mansa,
Kathy,Sanchez,ksanchezby@wiley.com,,Stamboliyski,
Margaret,Woods,mwoodsbz@dyndns.org,Skyndu,Pomerode,
Melissa,Thomas,mthomasc0@livejournal.com,,Shāzand,
Ryan,Stanley,,Blogpad,Baixo Guandu,
Gary,Allen,gallenc2@jigsy.com,Jetwire,El Pino,
Matthew,Roberts,mrobertsc3@wsj.com,Zoomdog,Lusong,
Brian,Adams,badamsc4@shareasale.com,,Fenjie,
Cynthia,Kelley,,Jabberbean,Pedro Leopoldo,
Theresa,Vasquez,tvasquezc6@plala.or.jp,Omba,Prakhon Chai,1235 Fuller Road
Aaron,Gray,agrayc7@woothemes.com,,Storozhnytsya,
Gary,Butler,gbutlerc8@vistaprint.com,Flashset,Uspenskoye,
Jean,Carpenter,jcarpenterc9@163.com,Minyx,Kazinka,
Shirley,Ramirez,sramirezca@comsenz.com,,Magbay,
Christine,Rodriguez,crodriguezcb@comsenz.com,,Iida,
Ashley,Davis,adaviscc@nba.com,Thoughtbeat,Chenqiao,
Melissa,Baker,,,Chợ Gạo,98122 Fordem Terrace
Ruth,Ward,rwardce@i2i.jp,Skynoodle,Sīdī Sālim,
Gregory,Adams,gadamscf@usgs.gov,Trilith,Gaoyao,
Patrick,Collins,pcollinscg@mysql.com,,Tlogocilik,7906 Briar Crest Park
Laura,Gardner,lgardnerch@com.com,,Serravalle,
Shawn,Knight,sknightci@github.com,,Żółkiewka,
Michelle,Hernandez,,,Svenljunga,
Deborah,Dunn,ddunnck@wired.com,Devpulse,Manquiring,
Annie,Garrett,agarrettcl@omniture.com,Browseblab,Thị Trấn Sìn Hồ,
Nicole,Porter,nportercm@zdnet.com,Browsezoom,Hovd,
Joe,Fisher,jfishercn@discuz.net,Vipe,Gowarczów,321 Erie Plaza
Christine,Clark,cclarkco@usa.gov,,Winnipeg,8 Monument Place
Stephen,Fowler,sfowlercp@auda.org.au,Oyondu,Yanweigang,
Jerry,Henry,jhenrycq@aboutads.info,Livetube,Jāmpur,
Clarence,Martin,cmartincr@marketwatch.com,Twitterlist,Bandong,
Judith,Sullivan,jsullivancs@creativecommons.org,,Géfyra,
Margaret,Weaver,mweaverct@youtube.com,,Luangwa,
Antonio,Rose,arosecu@51.la,,Stodolishche,
Shawn,Ray,sraycv@ebay.com,Gabcube,Shuitianhe,
Victor,Patterson,vpattersoncw@bigcartel.com,,Yongqin,
Julie,Harrison,jharrisoncx@nba.com,Rhynyx,Tabia,
Gary,Wright,gwrightcy@free.fr,,Prachuap Khiri Khan,
Jennifer,Cruz,,Ooba,Lijiapu,
Timothy,Meyer,tmeyerd0@washington.edu,,Sidayu,
Jeremy,Ferguson,jfergusond1@themeforest.net,,Pulau Tiga,
Kevin,Richards,,Kwimbee,Chunhua,
Samuel,Rose,srosed3@theglobeandmail.com,Youopia,Kloangpopot,
Samuel,Morales,smoralesd4@earthlink.net,,Tílisos,
Kimberly,Smith,ksmithd5@ask.com,,Basar,
Gary,Larson,glarsond6@arizona.edu,Quinu,Hepang,
Heather,Hicks,hhicksd7@scientificamerican.com,DabZ,Sūq Şirwāḩ,
Doris,Carr,dcarrd8@engadget.com,,Contramaestre,
Shawn,Ellis,sellisd9@comsenz.com,Feedfish,Marseille,
Bonnie,Peters,bpetersda@linkedin.com,Fivespan,Czeremcha,
Fred,Chavez,fchavezdb@sourceforge.net,Realcube,Brescia,329 Mandrake Terrace
Carol,Bishop,cbishopdc@networkadvertising.org,Quire,La Cruz,
Amanda,Miller,amillerdd@cdbaby.com,,Boucherville,
Laura,Clark,lclarkde@virginia.edu,,Buritama,
Cheryl,Torres,ctorresdf@rambler.ru,,Garbów,
Brenda,Gilbert,bgilbertdg@nba.com,Kwinu,Groznyy,653 Loeprich Parkway
Matthew,Price,mpricedh@adobe.com,,Nong Khae,
Craig,Graham,cgrahamdi@google.es,Yodel,Sehwān,
Janet,Rivera,jriveradj@china.com.cn,InnoZ,Doubrava,
Aaron,James,,Latz,Bettendorf,
Eric,Chapman,,Roombo,El Galpón,
George,Long,glongdm@qq.com,,Hetou,
Ann,Mendoza,amendozadn@aol.com,,Bedford,
Emily,Allen,eallendo@usnews.com,,Ndungu,
Susan,Cunningham,scunninghamdp@nih.gov,,Guaiúba,
Elizabeth,Washington,ewashingtondq@xinhuanet.com,Quinu,Arroio do Meio,
Cynthia,Coleman,ccolemandr@unblog.fr,Divavu,Chafé,
Laura,Torres,ltorresds@adobe.com,Meevee,Budapest,
Sandra,Bowman,sbowmandt@zimbio.com,,Fujishiro,318 Old Gate Point
Eugene,Gibson,,,Hodoš,
Debra,Day,ddaydv@gravatar.com,Leexo,Hengfan,
Christine,Watkins,,,Manta,
Terry,Elliott,telliottdx@wunderground.com,Kaymbo,Shirochanka,
Pamela,Burke,pburkedy@squarespace.com,,Bagé,
Jeremy,Duncan,jduncandz@t.co,Linkbridge,Pantaibesar,
Aaron,Young,ayounge0@answers.com,Mycat,Wołczyn,
Kelly,Castillo,kcastilloe1@apache.org,Zoonder,Santa Cruz de la Sierra,
Anna,Mccoy,amccoye2@elpais.com,,Masis,
Sandra,Wells,swellse3@cbc.ca,Kwinu,Ongjin,
Joyce,Morgan,jmorgane4@yolasite.com,,Vetluga,
Kathryn,Mendoza,kmendozae5@mit.edu,,Yong’an,
Arthur,Cole,acolee6@ibm.com,,Hyesan-si,
Peter,Ferguson,pfergusone7@paginegialle.it,Blogspan,Tor,
Douglas,Knight,,Roodel,Āstārā,
Kathleen,Fernandez,kfernandeze9@nymag.com,,Birmingham,
Lawrence,Gonzales,lgonzalesea@is.gd,Shuffletag,San Benito Abad,
Pamela,Gonzalez,pgonzalezeb@tiny.cc,,Hujiaba,
Donna,Rice,driceec@independent.co.uk,,Kanshi,
Marilyn,Gordon,mgordoned@topsy.com,Mudo,Lianfa,7956 Chinook Drive
Richard,Bennett,rbennettee@diigo.com,,Túquerres,
Russell,Little,rlittleef@kickstarter.com,Photospace,Huité,
Jesse,Gonzalez,jgonzalezeg@va.gov,,Kayanza,
Wayne,Martinez,wmartinezeh@paypal.com,Topicware,Nevers,
Scott,Palmer,spalmerei@cdc.gov,,Pare,
Terry,Hamilton,thamiltonej@sitemeter.com,,Bangan-Oda,
Russell,Welch,rwelchek@hao123.com,Wikido,Ust’-Kalmanka,
Bonnie,Lawrence,blawrenceel@tumblr.com,Dynazzy,Rongxing,
Anna,Kelly,akellyem@infoseek.co.jp,Mydeo,Perrelos,
Arthur,Kennedy,akennedyen@arizona.edu,,Lobatse,
Charles,Peterson,cpetersoneo@npr.org,,Dipayal,
Diana,Garza,dgarzaep@cocolog-nifty.com,,Guantouzui,99175 Garrison Circle
Albert,James,ajameseq@ucla.edu,Fanoodle,Nanlang,492 Trailsway Way
Tammy,Nguyen,,,Jiulong,
Ashley,Armstrong,aarmstronges@npr.org,,San Pedro Ayampuc,
Clarence,Warren,cwarrenet@photobucket.com,,West Palm Beach,
Michael,Powell,mpowelleu@examiner.com,,Weekombaka,768 Mccormick Drive
Lawrence,Chavez,,,Piastów,
Paula,Gonzales,,Thoughtstorm,Mendeleyevo,
Julie,Collins,jcollinsex@samsung.com,Npath,Ueno,
Earl,Wagner,ewagnerey@hp.com,,Bi’r Ḩāt,
Brenda,Gardner,bgardnerez@toplist.cz,,Lindome,
Teresa,Hill,thillf0@alibaba.com,,Náchod,10 Macpherson Trail
Rebecca,Alvarez,ralvarezf1@craigslist.org,Avavee,Beitan,
Beverly,Thomas,bthomasf2@indiatimes.com,,Runting,
Bobby,Howard,bhowardf3@ow.ly,,Beiqijia,
Steven,Brooks,sbrooksf4@prnewswire.com,,Monteiro,
Barbara,Wood,bwoodf5@amazon.de,Jaloo,Stepnogorsk,
Rebecca,Andrews,randrewsf6@gizmodo.com,Voolia,Zhifudao,
Gloria,Griffin,ggriffinf7@illinois.edu,,Sokol’skoye,
Ronald,Long,rlongf8@1und1.de,Innojam,Fresno,
Dennis,Fernandez,dfernandezf9@weather.com,,Prigi,
Christina,Jones,cjonesfa@ox.ac.uk,Oyope,Kax,
Ruby,Scott,rscottfb@bluehost.com,,Osieck,
Fred,Crawford,fcrawfordfc@addtoany.com,,Metz,
Jimmy,Kelley,jkelleyfd@hostgator.com,,Kaliska,
Jacqueline,Welch,,,Santo Domingo,
Mary,Lane,mlaneff@mail.ru,,Lagunas,
Tammy,Long,tlongfg@marketwatch.com,,Vaudreuil-Dorion,
Victor,Owens,vowensfh@themeforest.net,,Half Way Tree,
Kevin,Ward,kwardfi@soundcloud.com,Avamba,Fayzabad,
Mary,Lawson,mlawsonfj@diigo.com,Ozu,Nayak,
Jacqueline,Rice,jricefk@tuttocitta.it,Blogtag,Daloa,
Samuel,Nguyen,snguyenfl@ameblo.jp,,Kamieniec Podolski,
Frank,Young,fyoungfm@hibu.com,,Yonago,6479 Spenser Park
Diana,Moore,dmoorefn@phoca.cz,,London,2813 Northland Alley
Philip,White,pwhitefo@usa.gov,,Cumedak,
Jennifer,Henry,jhenryfp@shinystat.com,Kwinu,Monte,
Kenneth,Fisher,kfisherfq@constantcontact.com,,Duzhenwan,
Sarah,Ferguson,sfergusonfr@apple.com,Jatri,Werasari,
Paula,King,,,Gaotieling,
Larry,Rice,lriceft@360.cn,,Pedro II,
Jane,Moreno,jmorenofu@yahoo.com,,Marne-la-Vallée,
Scott,Ward,swardfv@bluehost.com,,Marilao,
Brandon,Moreno,bmorenofw@businessinsider.com,Yakitri,Dadeldhurā,
Lawrence,Riley,lrileyfx@army.mil,,Várzea,
Howard,Harper,hharperfy@noaa.gov,Oyope,Fuxing,
Betty,Roberts,brobertsfz@wiley.com,,Hyrynsalmi,
Betty,Gibson,bgibsong0@wix.com,,Battambang,6403 Katie Circle
Juan,Cooper,jcooperg1@webs.com,,Năm Căn,
Tammy,Johnson,tjohnsong2@goo.gl,,Hanting,
Maria,Garza,mgarzag3@phpbb.com,Jetpulse,Ubaté,
Harold,Larson,hlarsong4@live.com,Skimia,Al Karmil,
Evelyn,Mcdonald,emcdonaldg5@flavors.me,Browsezoom,Piura,
Kathryn,Ferguson,kfergusong6@amazonaws.com,Gigashots,Tayabo,
Susan,Spencer,sspencerg7@prweb.com,Linklinks,Pawitan,
Maria,Clark,mclarkg8@amazonaws.com,,Ransang,1986 Division Court
Brian,Castillo,bcastillog9@google.co.uk,Edgeblab,Sabandia,575 Spohn Place
Adam,Spencer,aspencerga@archive.org,Cogidoo,Palmerston North,
Jane,Dixon,jdixongb@wordpress.com,,Szeged,02 Hansons Terrace
Peter,Reyes,preyesgc@odnoklassniki.ru,Rhycero,Oibioin,0 Anhalt Drive
Nancy,Willis,nwillisgd@ca.gov,,Siborong-borong,
Ruby,Dunn,,Gabspot,Mondokan,
Evelyn,Lynch,elynchgf@theguardian.com,Twitterworks,Shāhpur Chākar,
Diana,Butler,dbutlergg@eventbrite.com,,Kanekomachi,
Jeffrey,Washington,jwashingtongh@chicagotribune.com,,Skhira,
Joshua,Fox,jfoxgi@hibu.com,,Macedo de Cavaleiros,
Debra,Sullivan,,,Choroszcz,
Gregory,Wells,gwellsgk@usda.gov,Avamba,Patapan,
Jacqueline,Thomas,,,‘Abs,
Douglas,Morgan,dmorgangm@1und1.de,,Mulhouse,
Anthony,Garcia,agarciagn@npr.org,Skinder,Rivne,
Dennis,Ross,drossgo@webs.com,Podcat,Markaryd,
Ruth,Long,rlonggp@bloomberg.com,,Ciego de Ávila,
Shirley,James,sjamesgq@reference.com,,Tayasan,
Jane,Hayes,jhayesgr@aol.com,,Zibreira,
Tina,Collins,tcollinsgs@dropbox.com,Kwimbee,Leopoldina,
Terry,Patterson,tpattersongt@friendfeed.com,,Borås,
Anna,Jacobs,ajacobsgu@prnewswire.com,Plambee,Sanom,
Donna,Gray,dgraygv@cnbc.com,Zava,Qiulu,
Joan,Webb,jwebbgw@google.ru,,Nan,9343 Westport Terrace
Jerry,Adams,jadamsgx@foxnews.com,Dabvine,Bussum,
Stephanie,Richards,srichardsgy@diigo.com,,Sanming,
Scott,King,skinggz@yolasite.com,Buzzdog,Carlos Casares,
John,West,jwesth0@creativecommons.org,,Lido,
Lisa,Carter,lcarterh1@pen.io,,Thị Trấn Tân Yên,
Sharon,Riley,srileyh2@amazon.de,Flipstorm,Đồi Ngô,
John,Gomez,jgomezh3@theatlantic.com,,Hatogaya-honchō,
Steven,Clark,,,Piława Górna,1532 Arrowood Park
Lori,Williamson,lwilliamsonh5@china.com.cn,,Horred,
Dorothy,Stanley,dstanleyh6@google.pl,Meedoo,Sui’an,
Sara,Graham,sgrahamh7@dion.ne.jp,,Gusinoozyorsk,
Angela,Mccoy,,,Jiancheng,
Larry,Stewart,lstewarth9@furl.net,,Delcevo,
Roy,Rodriguez,rrodriguezha@mtv.com,,Caetité,
Benjamin,Johnston,,Devpulse,As Suqaylibīyah,
Sara,Young,syounghc@cmu.edu,,Jiuxian,
Emily,Carroll,ecarrollhd@ning.com,,Passo Fundo,
Jonathan,Jenkins,jjenkinshe@4shared.com,,Dindima,
Andrew,Alvarez,,Yacero,Kungsbacka,435 Moland Place
Chris,Gomez,cgomezhg@paginegialle.it,,Cuenca,8 Towne Terrace
Kathleen,Stone,kstonehh@uiuc.edu,,Hedong,
Pamela,Black,pblackhi@yandex.ru,,Ujiie,
Donald,Edwards,,Photobug,Shijia,
Tammy,Carter,tcarterhk@independent.co.uk,,Bularit,
Paul,Jenkins,pjenkinshl@networksolutions.com,,Maoshan,
Willie,Allen,wallenhm@com.com,,Salamrejo,
Arthur,Crawford,acrawfordhn@bluehost.com,Demizz,Suhong,
Eugene,Howell,ehowellho@timesonline.co.uk,,Vykhino-Zhulebino,
Earl,Hansen,ehansenhp@unc.edu,Jazzy,Linköping,97 Bluestem Court
Joshua,Hanson,jhansonhq@shareasale.com,Tagcat,Atins,
Kimberly,Morales,kmoraleshr@unblog.fr,,Jiufeng,
Christina,Porter,cporterhs@newyorker.com,,Isiolo,
Johnny,Sullivan,jsullivanht@netvibes.com,,Melres,
Jeremy,Burns,jburnshu@harvard.edu,,Nerchinsk,
Randy,Phillips,rphillipshv@admin.ch,,Krajan,
Stephanie,Arnold,sarnoldhw@wikimedia.org,,Gyumri,
Scott,Russell,srussellhx@barnesandnoble.com,Twitterlist,Mulandoro,4191 Redwing Terrace
Julia,Alexander,,,Baoxu,
Gerald,Stone,gstonehz@aol.com,,Were Īlu,
Stephanie,Larson,slarsoni0@irs.gov,,Berbek,
Mildred,Barnes,mbarnesi1@stanford.edu,Feedbug,Chantilly,
Roger,Murray,rmurrayi2@sciencedirect.com,Oyoyo,Bangeran,
Lawrence,Oliver,loliveri3@stanford.edu,Shuffletag,Rahayu,
Mark,Stanley,mstanleyi4@infoseek.co.jp,,Gunungtua,
Alan,Williamson,awilliamsoni5@aboutads.info,,Bastak,
Christine,Brooks,cbrooksi6@ebay.com,,Mégara,
Gerald,Evans,gevansi7@gnu.org,,Kaustinen,
Charles,Mills,cmillsi8@dyndns.org,,Sabang,
Evelyn,Moreno,emorenoi9@storify.com,Zooveo,Nýdek,
Kathy,Reid,kreidia@uiuc.edu,Abata,Arauca,
Dorothy,Hill,dhillib@theguardian.com,,Lucma,
Irene,White,iwhiteic@illinois.edu,,Pluak Daeng,
Jonathan,Washington,jwashingtonid@tinypic.com,,Ullubiyaul,
Anne,Oliver,,,Sapareva Banya,
Chris,Burns,cburnsif@wordpress.org,,Chlewiska,
Bruce,Lawrence,,Twinder,Kola,
Jeffrey,Grant,jgrantih@buzzfeed.com,Riffwire,Pinsk,
Gerald,Harper,gharperii@constantcontact.com,,Penedono,
Andrew,Thomas,athomasij@skype.com,Youspan,Söderhamn,
Debra,Wells,dwellsik@guardian.co.uk,,Janes,
Teresa,Riley,trileyil@cnbc.com,,Dalupirip,
Raymond,Turner,rturnerim@bizjournals.com,Fivechat,Millet,
Paula,Castillo,pcastilloin@census.gov,,Pio Duran,
Anne,Collins,acollinsio@nifty.com,Realbridge,Étampes,
Lisa,Sullivan,lsullivanip@apple.com,,Asnières-sur-Seine,
Judy,Schmidt,,,Tembayangan Barat,
Samuel,Howell,showellir@earthlink.net,,Dabai,
Wanda,Black,wblackis@tuttocitta.it,Youfeed,Bechyně,
Brenda,Johnston,bjohnstonit@surveymonkey.com,,Xindu,
Juan,Carroll,jcarrolliu@about.me,Mynte,Darungan,8586 Shoshone Court
Gerald,Ortiz,gortiziv@aol.com,Eadel,Bieqiao,
Patricia,Hall,phalliw@webmd.com,Jetwire,Amagi,
Robert,Webb,rwebbix@scientificamerican.com,,Bieto,
David,Garrett,dgarrettiy@rakuten.co.jp,Realblab,Michałów,
Beverly,West,bwestiz@shop-pro.jp,,Boulogne-Billancourt,
Donald,Little,dlittlej0@netscape.com,,Shuangxiqiao,95706 Meadow Vale Alley
Ernest,Patterson,epattersonj1@jiathis.com,Topicshots,Pinheiro,
Ruby,Parker,rparkerj2@facebook.com,,Flen,
Sara,Bennett,sbennettj3@mlb.com,Wordpedia,Novonukutskiy,
Deborah,Carpenter,dcarpenterj4@storify.com,Jatri,Cikiruh Wetan,
Carl,Dunn,,,Qingyang,847 Daystar Way
Michael,Roberts,mrobertsj6@angelfire.com,Abatz,Changjiangbu,
Beverly,Meyer,bmeyerj7@rambler.ru,Skipfire,Mamburao,
Edward,Richardson,erichardsonj8@aboutads.info,,Bengubelan,
George,Williams,gwilliamsj9@earthlink.net,,Fangbu,
Marie,Bowman,mbowmanja@seattletimes.com,,Ranot,
Lois,Stone,lstonejb@trellian.com,Brightdog,Sueyoshichō-ninokata,
Craig,Romero,cromerojc@live.com,,Nielisz,
Jeffrey,Greene,jgreenejd@trellian.com,Roombo,Patrang,
Marilyn,Jacobs,mjacobsje@wired.com,,Hope,
Martin,Graham,mgrahamjf@twitter.com,Oba,Sumurnanjung,
Howard,Franklin,hfranklinjg@cnbc.com,,Ciyu,
Brian,Mcdonald,bmcdonaldjh@dyndns.org,,Birmingham,
Carl,Robinson,crobinsonji@auda.org.au,,Preko,
Johnny,Fox,jfoxjj@networkadvertising.org,,Matiao,
Ryan,Kelley,rkelleyjk@webeden.co.uk,Yakitri,Zagnitkiv,
Rebecca,Shaw,rshawjl@weebly.com,,Bulan,
Theresa,Kim,tkimjm@ustream.tv,,Caoxi,
Teresa,Lawson,tlawsonjn@elpais.com,,Arauco,796 Mcbride Pass
George,Holmes,gholmesjo@examiner.com,,Jiangbei,
Jesse,Evans,jevansjp@weather.com,Izio,Tubuhue,
Julia,Ward,jwardjq@g.co,Dynabox,Gangkoujie,
Norma,Dean,ndeanjr@nydailynews.com,,Simitli,
Melissa,Kim,mkimjs@goo.gl,Thoughtmix,Drayton Valley,
Louise,Ortiz,lortizjt@scientificamerican.com,Vipe,Numan,
Carolyn,Morris,,,Levashi,
Alan,Cox,acoxjv@biglobe.ne.jp,,Tambak,
Chris,West,,,Cernik,
Keith,Hicks,khicksjx@upenn.edu,Linklinks,Tuanshansi,
William,Chavez,wchavezjy@dyndns.org,Rhycero,Kuala Lumpur,65 Village Street
Linda,Mccoy,lmccoyjz@aboutads.info,Trupe,Bonoua,
Alan,Burke,aburkek0@mtv.com,Layo,Jalal-Abad,
Bruce,Cunningham,bcunninghamk1@princeton.edu,,La Falda,
Peter,Cole,pcolek2@topsy.com,Flipstorm,Saḩab,
William,Roberts,wrobertsk3@a8.net,,Luzhuangzi,6915 Fieldstone Parkway
Denise,Ray,drayk4@walmart.com,Minyx,Nacala,
Jason,Cole,,Jabberstorm,Tudela,
Louis,Thomas,,,San Clemente,
Randy,Owens,rowensk7@amazon.co.uk,,Zhonghualu,
Brandon,Gomez,,,Yangjinzhuang,
Annie,Robinson,arobinsonk9@dion.ne.jp,,Mississauga,
Nancy,Oliver,noliverka@is.gd,,Bromma,
Sarah,Campbell,scampbellkb@prlog.org,,Vingåker,
Douglas,Wood,,Browsezoom,Huangshanguan,
Larry,Ellis,lelliskd@sitemeter.com,,Gugut,
Bobby,Jones,bjoneske@tumblr.com,Jazzy,Venilale,
Jacqueline,Ramirez,jramirezkf@mayoclinic.com,,Sanhe,
Martin,Armstrong,marmstrongkg@howstuffworks.com,,As Sawdā,
Irene,Perez,iperezkh@howstuffworks.com,,Shināş,
Arthur,Grant,agrantki@virginia.edu,Teklist,Talisayan,
Marilyn,Greene,mgreenekj@privacy.gov.au,,Ditang,
Rose,Nguyen,rnguyenkk@xinhuanet.com,,Taiping,
Phillip,Dean,pdeankl@nymag.com,,Maintirano,
Bruce,Weaver,,,Tras Cerros,
Joan,Carter,jcarterkn@newsvine.com,Avamm,Hongtang,
Joan,Simpson,,,Balingcanaway,
Patricia,Wood,pwoodkp@fc2.com,,Aizkraukle,
Anthony,Moore,amoorekq@mac.com,,Ljungby,
Lori,Weaver,,Jazzy,Lusacan,
Sharon,Fox,,,Fasito‘outa,
Annie,Howard,,Wordify,Sidaraja,
Dennis,Montgomery,dmontgomeryku@wufoo.com,,Sundsvall,
Jacqueline,Simmons,jsimmonskv@nationalgeographic.com,,Ocho Rios,
George,Larson,glarsonkw@omniture.com,Photolist,Shangde,954 Almo Drive
Gerald,Hamilton,ghamiltonkx@deliciousdays.com,Agivu,Pucangkrajan,
Roger,Nguyen,,,Ferraria,61 Porter Place
Bonnie,Lane,,,Velika Kladuša,
Christine,Ross,crossl0@forbes.com,,Bun Barat,
Todd,Ramos,tramosl1@mail.ru,,Kijini,87 Eagle Crest Parkway
Earl,Smith,esmithl2@wsj.com,Meezzy,Deventer,
Ruby,Bennett,rbennettl3@washington.edu,Plambee,Acharnés,
Heather,Hansen,,,Krajan Suco,
Jean,Harper,jharperl5@weather.com,,Papeete,
Paul,Smith,psmithl6@eepurl.com,,Sanandaj,
Jesse,Watkins,jwatkinsl7@aol.com,Quatz,Zhuxi,
Carolyn,Nguyen,cnguyenl8@usnews.com,Rooxo,Dicun,32 Twin Pines Drive
Mildred,Simmons,msimmonsl9@people.com.cn,,João Alfredo,
Barbara,Burns,bburnsla@walmart.com,Oyoyo,Cateel,
Aaron,Hawkins,ahawkinslb@google.de,Snaptags,Síkinos,
Emily,Kennedy,ekennedylc@geocities.com,Gigabox,Vahdat,
Anthony,Thomas,athomasld@virginia.edu,Yata,Mo I Rana,
Raymond,Howard,rhowardle@miitbeian.gov.cn,,Rennes,32352 Golf Course Center
Phyllis,Morrison,,Avamba,Mangero,
Wanda,Palmer,wpalmerlg@linkedin.com,Rhyzio,Su-ngai Kolok,
Mildred,Nguyen,mnguyenlh@shareasale.com,,Gelan,029 Esch Pass
Lois,Wright,lwrightli@nba.com,Edgeify,Suizhong,
Eugene,Meyer,,,Tiandeng,
Victor,Moreno,vmorenolk@goo.ne.jp,,Tatsuno,
Marie,Boyd,mboydll@admin.ch,Roodel,Baiguan,
Deborah,Walker,dwalkerlm@bluehost.com,,Columbia,
Shawn,Carpenter,,Voonder,Basse-Terre,
Kathy,Alvarez,kalvarezlo@chicagotribune.com,,Polovinnoye,
Nancy,Jenkins,njenkinslp@yelp.com,,Shibi,
Jane,Hayes,jhayeslq@google.de,,Huaqiao,
Louis,Patterson,lpattersonlr@ycombinator.com,,Baitian,
Heather,Griffin,,,Neya,88963 Arapahoe Parkway
Andrew,Harris,aharrislt@oaic.gov.au,,Randfontein,
Barbara,Austin,baustinlu@howstuffworks.com,,Lefortovo,
Raymond,Fuller,rfullerlv@newyorker.com,Kayveo,Longshan,
Anna,Dunn,adunnlw@cdbaby.com,Dynava,Koski Tl,
Kevin,Knight,kknightlx@indiegogo.com,,Kiên Lương,
Douglas,Nelson,dnelsonly@time.com,Blogspan,Tieli,6 Cascade Crossing
Joe,Medina,jmedinalz@walmart.com,Latz,Eséka,
Brian,Austin,baustinm0@kickstarter.com,,Praga Północ,
Mary,Shaw,mshawm1@shutterfly.com,,Kavarna,
Kenneth,Long,klongm2@about.com,,Tbilisskaya,
Willie,Harvey,wharveym3@paypal.com,,Chkalov,
Sarah,Spencer,sspencerm4@fema.gov,,Gourcy,
Ashley,Lee,aleem5@blinklist.com,,Jiakexi,
Donald,Turner,dturnerm6@amazon.com,,Salinas,
Janice,Gonzalez,jgonzalezm7@gizmodo.com,Pixonyx,Enhtal,5 3rd Parkway
Irene,Simmons,isimmonsm8@ask.com,,Ertai,
Janet,Reed,,Snaptags,Fazenda de Santa Cruz,
Larry,Gordon,lgordonma@unesco.org,Twitterwire,Mbocayaty,
Dorothy,Burns,dburnsmb@nytimes.com,,Gombong,
Ashley,Kelley,akelleymc@microsoft.com,Tazzy,Baixi,
Terry,Armstrong,tarmstrongmd@deviantart.com,Dabfeed,Cosne-Cours-sur-Loire,
Matthew,Burton,mburtonme@yahoo.co.jp,Tavu,Wangzuizi,
Benjamin,Lynch,blynchmf@youku.com,,El’brus,
Ronald,Griffin,rgriffinmg@multiply.com,Myworks,Józefów,
Lillian,Graham,lgrahammh@acquirethisname.com,,Maskinongé,
Gerald,Cook,gcookmi@squidoo.com,,Xuguang,
David,Lawson,dlawsonmj@sciencedaily.com,,Tân Việt,
Anthony,Freeman,afreemanmk@soundcloud.com,Zoombeat,Dabat,
Fred,Ward,fwardml@nsw.gov.au,Blogtags,Repki,
Kevin,Simmons,ksimmonsmm@time.com,Skalith,Rokitno Szlacheckie,
Sharon,Powell,spowellmn@parallels.com,,Loreto,
Wanda,Wood,wwoodmo@list-manage.com,Thoughtbridge,Zinder,
Dennis,Mendoza,dmendozamp@mlb.com,Jazzy,Luz de Tavira,51974 Hintze Parkway
Betty,Graham,bgrahammq@sakura.ne.jp,Roombo,Serang,
Larry,Jones,ljonesmr@dion.ne.jp,Twitterbridge,Melaka,
Julie,Romero,jromeroms@devhub.com,,Parang,
Martin,Knight,mknightmt@army.mil,,Rora Timur,
Douglas,Rogers,drogersmu@boston.com,,Oetutulul,
Steven,Ryan,sryanmv@msu.edu,Pixonyx,Kuantan,
Catherine,Lewis,clewismw@purevolume.com,Zoombeat,Maiyema,98123 Fieldstone Road
Angela,Ray,araymx@hugedomains.com,,Pantang,
Douglas,Lawson,dlawsonmy@discovery.com,,Jingu,38062 Redwing Parkway
Dennis,Hunter,dhuntermz@google.com.au,,Kahnūj,167 Schlimgen Lane
Edward,Webb,ewebbn0@theguardian.com,,Loma Bonita,
Martin,Hughes,mhughesn1@who.int,,Vila Chã do Monte,
Henry,George,hgeorgen2@biglobe.ne.jp,,Paris 13,
Anna,Lawrence,alawrencen3@reddit.com,,Kedungbang,
Ralph,Gomez,rgomezn4@cornell.edu,Avavee,Lindome,
Rose,Lewis,rlewisn5@admin.ch,Katz,Loanda,
Sara,West,swestn6@samsung.com,Podcat,Santo Tomas,
Diane,Ferguson,dfergusonn7@utexas.edu,,Shatki,
Henry,Hunt,hhuntn8@domainmarket.com,Reallinks,That Phanom,
Willie,Boyd,wboydn9@ning.com,Skinder,Mateus Leme,
Deborah,Porter,dporterna@apple.com,Tagcat,Laju Kidul,
Richard,Phillips,rphillipsnb@netscape.com,Dynabox,Caen,
Aaron,Hart,ahartnc@irs.gov,,Nuga,
Fred,Larson,flarsonnd@miitbeian.gov.cn,,Gatak,
Judith,Diaz,jdiazne@ox.ac.uk,Jabbercube,Torbay,
Judy,Lee,jleenf@aol.com,Twitterbeat,Khao Khitchakut,
Alan,Campbell,acampbellng@digg.com,,Jianghai,
Mildred,Wilson,mwilsonnh@printfriendly.com,Skyble,Dakhla,
Paul,Rice,priceni@g.co,,Yola,
Keith,Gutierrez,kgutierreznj@topsy.com,,Orerokpe,
Todd,West,twestnk@springer.com,,Lille,
Randy,Andrews,randrewsnl@nifty.com,,Mulawato,
Brian,Grant,bgrantnm@blog.com,,Bojong,
Marilyn,Porter,mporternn@webeden.co.uk,Voonder,Mirovka,
Angela,Evans,aevansno@prnewswire.com,,Zhob,16602 1st Trail
Lawrence,Spencer,lspencernp@senate.gov,Cogibox,Hexi,
Alan,White,awhitenq@nymag.com,,Ras al-Khaimah,
Ashley,White,awhitenr@fc2.com,,Dasanlian Lauk,
Deborah,Perry,,,Rego de Água,
Theresa,Stewart,tstewartnt@irs.gov,Fadeo,Nowy Sącz,
Denise,Kelly,dkellynu@go.com,Wordpedia,Sidomekar,
Paula,Lawson,plawsonnv@wisc.edu,,Bodø,
Catherine,Ramos,cramosnw@drupal.org,Meezzy,Courtaboeuf,735 Carpenter Parkway
Joyce,Payne,jpaynenx@jalbum.net,Dablist,Agenebode,
Harold,Payne,,,Caetité,
Carolyn,Foster,cfosternz@alibaba.com,Browsebug,Alepoú,
Jimmy,Hunt,jhunto0@youtube.com,,Sandnes,
Laura,Morrison,lmorrisono1@opensource.org,Demimbu,Grigiškės,
Judith,Richardson,jrichardsono2@google.fr,Yodel,Lago da Pedra,
David,Hart,dharto3@netscape.com,,Kotabaru,
Clarence,Ford,cfordo4@yellowbook.com,Eimbee,Mtsensk,
Scott,Oliver,,,Bacong,
Lois,Young,lyoungo6@wunderground.com,Meedoo,Nesterov,
Jerry,Dunn,jdunno7@goo.ne.jp,Yakijo,Ḩātim,
Ann,Powell,apowello8@shinystat.com,,An Naşr,
Richard,Sanders,,Leenti,Balogo,
Margaret,Jordan,mjordanoa@stanford.edu,,Haoba,
Gregory,Sullivan,gsullivanob@geocities.jp,,Hultsfred,
Amy,Gordon,,,Gunungkendeng,
Evelyn,Hall,,Yotz,Hope,
Steven,Wells,swellsoe@ft.com,Avaveo,Seleuš,
Roy,Kelley,rkelleyof@alibaba.com,,Mayrtup,
Juan,Rogers,jrogersog@ask.com,,Sindangraja,
Rachel,Perez,rperezoh@google.nl,Zoonder,Vale das Mós,583 Crest Line Trail
Diane,Mason,dmasonoi@phpbb.com,Yozio,Phultala,
Joyce,Hughes,jhughesoj@reuters.com,,Aitape,
Johnny,Jordan,jjordanok@usnews.com,,Texistepeque,2 Ilene Drive
Cheryl,Bowman,cbowmanol@ed.gov,Twiyo,Huantuo,
Stephanie,Perkins,sperkinsom@nationalgeographic.com,Bluezoom,Rixi,
Judy,Gibson,,Photojam,Akita Shi,
Amanda,Gordon,agordonoo@cnbc.com,Aivee,Naili,
Kenneth,Medina,kmedinaop@sogou.com,Eare,Masaraway,3 Coolidge Road
Steven,Alvarez,salvarezoq@seesaa.net,,Kajan,
Roy,Williams,rwilliamsor@engadget.com,,Xiadu,
Samuel,Phillips,sphillipsos@gmpg.org,Oyope,Vreshtas,
Susan,Montgomery,smontgomeryot@google.nl,,Mapou,
Ruth,Ruiz,rruizou@cpanel.net,,Besançon,76786 Kipling Alley
Anthony,Chavez,achavezov@hugedomains.com,,Laau,
Juan,Walker,jwalkerow@independent.co.uk,,Temuji,96021 Iowa Road
Timothy,Cox,tcoxox@constantcontact.com,,Alvalade,
Anna,Knight,aknightoy@reverbnation.com,,Orzech,
Daniel,Bradley,dbradleyoz@diigo.com,Meemm,Songgang,
Amanda,Hansen,ahansenp0@nba.com,,Pietermaritzburg,
Daniel,Williams,dwilliamsp1@spiegel.de,,Žulová,
Julia,Campbell,,,Tanjungampalu,
Christopher,Spencer,cspencerp3@yelp.com,Feedfire,Sindangsari,
Gloria,Moreno,gmorenop4@mit.edu,Topiclounge,Cosmópolis,
Jose,Rose,jrosep5@dailymail.co.uk,,Sankt Lorenzen im Mürztal,
Terry,Hernandez,thernandezp6@imgur.com,,Shifan,
Angela,Mendoza,,Fliptune,Hoorn,
Diane,Matthews,dmatthewsp8@oakley.com,,Đoan Hùng,5830 Derek Drive
Beverly,Carter,bcarterp9@cargocollective.com,,Juliaca,
Frances,Alvarez,,,Älvängen,
Frances,Mcdonald,fmcdonaldpb@latimes.com,,Pensacola,3805 Meadow Valley Crossing
Johnny,Robinson,jrobinsonpc@ask.com,,Lethem,
Kimberly,Wallace,kwallacepd@google.pl,Meembee,Kawm Umbū,
Anthony,Jones,ajonespe@alexa.com,,Youssoufia,
Christine,Walker,cwalkerpf@google.co.jp,,Bali,
Steven,Banks,sbankspg@w3.org,Babbleblab,Colinas,
Carlos,Thomas,cthomasph@parallels.com,,Qingyang,
Frank,Diaz,,,Maulavi Bāzār,
Patrick,Fowler,pfowlerpj@ft.com,,Tadotsu,
Sean,Elliott,selliottpk@about.com,Centimia,Tembang,
Katherine,Powell,kpowellpl@google.com.hk,,Chicago,
Brian,Elliott,belliottpm@opensource.org,Photofeed,Samashki,0 Jenifer Point
Judith,Lane,jlanepn@boston.com,,Ińsko,
Norma,Hill,,,Rio das Ostras,
Scott,Freeman,sfreemanpp@spotify.com,,Bemposta,
Ronald,Reyes,rreyespq@last.fm,,Salamanca,452 Steensland Pass
Joseph,Lynch,jlynchpr@senate.gov,Izio,Pagnag,
Craig,Cruz,ccruzps@mayoclinic.com,,Maiwang,
Virginia,Bowman,vbowmanpt@pbs.org,,Balyqshy,
Ernest,Porter,eporterpu@wordpress.org,,Independencia,
Anthony,Fisher,,Brainbox,Kachia,
Lisa,Fowler,lfowlerpw@tamu.edu,Divanoodle,Wyszogród,
Bruce,Jenkins,bjenkinspx@state.tx.us,,Yuanqiao,
Kenneth,Ruiz,kruizpy@washington.edu,,Arenal,5844 Vahlen Trail
Gary,Lynch,glynchpz@blog.com,Tagchat,Wilkowice,
Eugene,Howell,ehowellq0@wikimedia.org,Feedfish,Nepomuceno,
Anthony,Ray,arayq1@unesco.org,Youopia,Malasin,
Terry,Robertson,trobertsonq2@opera.com,,Tabunok,
Mary,Ross,mrossq3@purevolume.com,Jayo,Mikhaylovsk,
Shirley,Stanley,sstanleyq4@house.gov,,Tangerang,
Randy,Franklin,rfranklinq5@walmart.com,Digitube,Mizhuang,
Kevin,Holmes,kholmesq6@springer.com,Einti,San Isidro,
Martin,Flores,mfloresq7@springer.com,,Song’ao,
Fred,Stephens,fstephensq8@prnewswire.com,,Braunschweig,
Betty,Ford,bfordq9@ed.gov,Brainlounge,Lunik,46319 Florence Court
Christine,Richardson,crichardsonqa@woothemes.com,,Sanlicheng,
Jane,Moreno,jmorenoqb@springer.com,,Cikembang,
Sandra,Crawford,scrawfordqc@gravatar.com,,Mateus Leme,
Brian,Wright,bwrightqd@ezinearticles.com,,Great Neck,
Michelle,Reyes,mreyesqe@smugmug.com,,Tangkil,
Bonnie,Robertson,brobertsonqf@businessinsider.com,,Zemio,
Charles,Tucker,ctuckerqg@seattletimes.com,,Baiyin,
Karen,Harrison,kharrisonqh@guardian.co.uk,Wikibox,Gunajaya,
Paul,Duncan,pduncanqi@i2i.jp,,Péruwelz,
Tammy,Castillo,tcastilloqj@walmart.com,,Cogon,
Steven,Sullivan,ssullivanqk@boston.com,Mydeo,Yug,
Henry,Russell,hrussellql@yahoo.com,Topicblab,Dasuhe,
Harry,Williamson,hwilliamsonqm@upenn.edu,Babbleset,Shimen,
Rebecca,Riley,rrileyqn@ted.com,,Canguaretama,
Chris,Ray,crayqo@yellowpages.com,Roombo,El Chol,
Andrea,Rivera,ariveraqp@seesaa.net,Wikido,Amucao,
Eric,Mendoza,emendozaqq@google.com.au,,Harding,
Laura,Lopez,llopezqr@mac.com,,Dushi,
Frances,Phillips,fphillipsqs@delicious.com,,Patos,
Virginia,Ellis,vellisqt@stumbleupon.com,,Fernando de Noronha (Distrito Estadual),
Mary,Willis,mwillisqu@va.gov,,Al ‘Udayn,
Scott,Oliver,soliverqv@about.me,,Socabaya,
Jonathan,Ferguson,jfergusonqw@ucoz.com,Feedfish,Tchamba,
Teresa,Cole,tcoleqx@hao123.com,Yakijo,Shatalovo,
Johnny,Holmes,jholmesqy@ox.ac.uk,Agivu,Little Rock,
Anne,Mccoy,amccoyqz@wordpress.org,Vimbo,Ağdam,13 Talisman Circle
Bonnie,Ward,,,Ochakovo-Matveyevskoye,
William,Cooper,wcooperr1@google.com,Zava,General Emilio Aguinaldo,2 Towne Way
Andrea,Castillo,acastillor2@cargocollective.com,,Geoktschai,
Nancy,Freeman,nfreemanr3@360.cn,,Kaliro,08009 Roth Plaza
Steve,Ruiz,,Talane,Toulouse,
Raymond,Oliver,roliverr5@arizona.edu,Thoughtstorm,Yulin,
Bobby,Snyder,bsnyderr6@barnesandnoble.com,,Ituiutaba,
Patrick,Hamilton,phamiltonr7@wikipedia.org,,Kasempa,
George,Warren,gwarrenr8@cbsnews.com,,Moerewa,
Annie,Harris,aharrisr9@bandcamp.com,Devpoint,Pushkin,
Justin,Phillips,jphillipsra@cnn.com,,Mohale’s Hoek,
Lois,Fields,lfieldsrb@desdev.cn,Livepath,Kliteh,
Emily,Davis,edavisrc@pcworld.com,,Homeyo,
Mary,Ferguson,mfergusonrd@umich.edu,,Pondokrejo Wetan,
Daniel,Elliott,delliottre@privacy.gov.au,,Pohbango,
Frank,Robinson,,Divanoodle,Krajan C Wonorejo,
Johnny,Fernandez,jfernandezrg@barnesandnoble.com,,Yuzhai,
Antonio,Moreno,amorenorh@utexas.edu,Oodoo,Jönköping,
Rebecca,Henderson,rhendersonri@blogger.com,Browsecat,Krajan Craken,
Kelly,Harvey,kharveyrj@blogspot.com,,Bacong,
Melissa,Mcdonald,,Divanoodle,Pancalan,
Phillip,Peterson,ppetersonrl@dailymotion.com,Skaboo,Morelos,9915 Anniversary Road
Kevin,Campbell,kcampbellrm@cpanel.net,Tekfly,Le Cannet,
Keith,Ferguson,kfergusonrn@huffingtonpost.com,,Žrnovo,
Janice,Thomas,jthomasro@huffingtonpost.com,,Viškovci,9885 Hermina Lane
Rachel,Gonzales,rgonzalesrp@themeforest.net,,Doetinchem,
Joyce,Matthews,jmatthewsrq@g.co,Buzzdog,Managua,75 Springs Parkway
Patricia,Jenkins,pjenkinsrr@domainmarket.com,,Concordia,
